date,pm25,precip,temp
1/1/16,8,0,1.95
1/2/16,12,0,0.85
1/3/16,9,0,0.55
1/4/16,3,0.508,0.8
1/5/16,11,0.254,-5.6
1/6/16,50,0,-6.4
1/7/16,42,0,-1.35
1/8/16,30,0,1.35
1/9/16,8,3.81,-0.3
1/10/16,5,11.938,8.05
1/11/16,9,5.08,0
1/12/16,8,2.794,-6.35
1/13/16,11,13.97,-6.1
1/14/16,15,0,-7.75
1/15/16,13,0,-0.85
1/16/16,9,4.572,5.3
1/17/16,7,0.508,2.5
1/18/16,9,0,-5.25
1/19/16,10,0,-10.55
1/20/16,10,0,-11.4
1/21/16,13,38.862,-8.9
1/22/16,9,0,-6.65
1/23/16,3,108.712,-7.5
1/24/16,16,,
1/25/16,42,0,-7.8
1/26/16,11,0,-3.05
1/27/16,6,,
1/28/16,11,0,-1.4
1/29/16,7,1.27,0.25
1/30/16,12,0.254,-1.65
1/31/16,18,0,4.2
2/1/16,10,1.016,7.25
2/2/16,12,0,4.45
2/3/16,9,1.778,4.75
2/4/16,6,3.556,10.3
2/5/16,7,0,1.7
2/6/16,12,0,0.55
2/7/16,26,0,2.5
2/8/16,27,0,2.5
2/9/16,11,1.016,1.9
2/10/16,13,1.524,0
2/11/16,7,0,-4.7
2/12/16,12,0,-7.75
2/13/16,5,40.132,-7.75
2/14/16,10,0,-12.25
2/15/16,6,2.794,-9.75
2/16/16,8,28.194,-0.55
2/17/16,11,11.176,1.65
2/18/16,5,0,-2.5
2/19/16,7,0,-2.5
2/20/16,17,0,6.4
2/21/16,30,0,7.2
2/22/16,5,0,6.95
2/23/16,5,0,6.65
2/24/16,2,4.318,7.75
2/25/16,8,17.272,10.3
2/26/16,4,2.286,1.1
2/27/16,13,0,-1.4
2/28/16,15,0,1.9
2/29/16,14,0.508,9.45
3/1/16,16,0,6.1
3/2/16,5,5.588,8.3
3/3/16,5,0,-1.95
3/4/16,9,3.556,-0.55
3/5/16,10,0,0.85
3/6/16,17,0,3.05
3/7/16,19,0,2.25
3/8/16,24,0,8.05
3/9/16,27,0,14.75
3/10/16,16,0,15.55
3/11/16,6,15.494,12.8
3/12/16,15,0,8.05
3/13/16,10,0,11.65
3/14/16,6,6.858,15.3
3/15/16,7,3.81,15.3
3/16/16,10,0.254,12.5
3/17/16,14,0,14.45
3/18/16,12,0,10
3/19/16,7,0,8.9
3/20/16,7,0.254,4.45
3/21/16,8,2.286,2.25
3/22/16,15,0,1.4
3/23/16,25,0,6.7
3/24/16,15,0,14.15
3/25/16,8,3.81,16.1
3/26/16,10,0,6.95
3/27/16,20,0,9.2
3/28/16,9,1.524,14.7
3/29/16,7,0,10
3/30/16,20,0,5.6
3/31/16,14,0,10
4/1/16,11,1.27,18.05
4/2/16,9,1.27,13.05
4/3/16,8,5.588,8.05
4/4/16,12,0,6.1
4/5/16,10,6.858,6.4
4/6/16,8,0,2.25
4/7/16,11,0,8.35
4/8/16,8,1.27,5.3
4/9/16,9,3.302,4.75
4/10/16,11,1.016,-0.85
4/11/16,16,0.508,3.6
4/12/16,5,14.478,11.95
4/13/16,5,0,5.3
4/14/16,7,0,7.25
4/15/16,9,0,11.1
4/16/16,21,0,13.35
4/17/16,36,0,14.7
4/18/16,31,0,17.5
4/19/16,13,0,18.65
4/20/16,4,0,15.25
4/21/16,28,0,15.25
4/22/16,12,0.762,17.5
4/23/16,6,15.748,17.2
4/24/16,23,0,10.85
4/25/16,38,0,13.9
4/26/16,15,0.508,15.55
4/27/16,11,3.556,17.5
4/28/16,7,0,16.7
4/29/16,9,11.938,11.4
4/30/16,7,0,17.2
5/1/16,11,3.556,16.95
5/2/16,10,22.86,18.05
5/3/16,7,0,14.15
5/4/16,9,0,14.15
5/5/16,8,2.54,14.45
5/6/16,6,3.048,12.8
5/7/16,14,1.524,14.45
5/8/16,8,1.016,16.4
5/9/16,12,0,13.85
5/10/16,11,0.508,13.3
5/11/16,10,9.652,15.8
5/12/16,16,0,14.45
5/13/16,10,4.826,19.2
5/14/16,9,0.254,15.3
5/15/16,6,10.16,8.85
5/16/16,10,0,6.95
5/17/16,10,0,10.3
5/18/16,12,3.81,13.3
5/19/16,25,2.032,10.6
5/20/16,13,0,13.05
5/21/16,4,12.192,17.2
5/22/16,5,10.414,14.15
5/23/16,15,3.048,15
5/24/16,17,1.778,17.2
5/25/16,22,0,19.45
5/26/16,30,0,21.7
5/27/16,15,0,24.15
5/28/16,23,0,25.55
5/29/16,19,0,22.5
5/30/16,31,16.51,22.5
5/31/16,31,0,24.15
6/1/16,12,0,24.45
6/2/16,13,2.794,24.75
6/3/16,15,6.858,24.7
6/4/16,15,17.272,24.15
6/5/16,15,0.254,24.45
6/6/16,11,4.826,21.35
6/7/16,7,16.002,21.1
6/8/16,8,0.254,19.15
6/9/16,11,0.762,13.35
6/10/16,17,0,16.4
6/11/16,23,0,18.9
6/12/16,8,0,25.85
6/13/16,6,0,18.1
6/14/16,10,0,18.35
6/15/16,18,0,20.85
6/16/16,8,18.288,22.5
6/17/16,11,35.56,21.35
6/18/16,20,0,23.05
6/19/16,20,0,23.3
6/20/16,20,0,23.6
6/21/16,12,0,24.45
6/22/16,15,0,24.15
6/23/16,11,11.684,23.85
6/24/16,13,1.524,21.7
6/25/16,17,1.524,23.6
6/26/16,12,0,24.15
6/27/16,11,0,26.35
6/28/16,9,0.254,25.85
6/29/16,11,0,23.1
6/30/16,23,0,18.85
7/1/16,21,0,20.25
7/2/16,,2.032,21.4
7/3/16,,0,19.7
7/4/16,,0,20.55
7/5/16,13,6.35,21.15
7/6/16,12,0.762,24.45
7/7/16,18,7.62,24.7
7/8/16,19,1.778,26.1
7/9/16,13,0,25.85
7/10/16,8,0,22.8
7/11/16,23,0,21.95
7/12/16,25,0,23.6
7/13/16,20,0,25.85
7/14/16,15,2.032,26.95
7/15/16,15,8.89,27.2
7/16/16,11,0,26.15
7/17/16,20,0,24.7
7/18/16,14,0,25.55
7/19/16,16,0.762,26.4
7/20/16,18,0,23.9
7/21/16,25,0,22.2
7/22/16,16,0,23.6
7/23/16,13,7.112,27.2
7/24/16,19,,
7/25/16,17,3.302,27.25
7/26/16,12,29.718,27.25
7/27/16,12,,
7/28/16,,0,26.95
7/29/16,,7.62,23.9
7/30/16,,0,25.55
7/31/16,,30.226,23.6
8/1/16,,0,25.25
8/2/16,7,10.668,26.15
8/3/16,11,0,26.1
8/4/16,10,0,25.25
8/5/16,10,0,25.55
8/6/16,9,2.794,26.1
8/7/16,16,0,22.75
8/8/16,7,0,22.75
8/9/16,10,0,23.35
8/10/16,11,0,25.55
8/11/16,11,0.762,27.2
8/12/16,15,0,28.6
8/13/16,16,6.604,28.05
8/14/16,11,7.62,27.75
8/15/16,9,10.16,24.7
8/16/16,,9.652,25.55
8/17/16,,23.368,27.5
8/18/16,16,5.588,23.9
8/19/16,19,0,24.15
8/20/16,16,0,24.4
8/21/16,8,3.048,25.55
8/22/16,12,1.27,22.5
8/23/16,24,,
8/24/16,26,0,21.4
8/25/16,25,1.27,24.45
8/26/16,18,16.764,23.6
8/27/16,19,0,25
8/28/16,22,0,25.55
8/29/16,10,32.766,26.65
8/30/16,19,0,23.9
8/31/16,25,0,23.6
9/1/16,6,0.762,21.95
9/2/16,5,0,20
9/3/16,10,0,18.85
9/4/16,21,0,19.7
9/5/16,34,0,19.7
9/6/16,22,0,19.7
9/7/16,17,0,23.35
9/8/16,19,0.254,26.4
9/9/16,7,5.588,27.5
9/10/16,15,0.254,25
9/11/16,5,1.778,27.25
9/12/16,8,0,19.7
9/13/16,25,0,20.55
9/14/16,15,0,21.95
9/15/16,5,1.016,21.4
9/16/16,11,0,19.7
9/17/16,16,0,20.85
9/18/16,13,3.048,20.3
9/19/16,19,8.382,21.95
9/20/16,31,,
9/21/16,21,0,22.25
9/22/16,29,0,22.25
9/23/16,31,0,22.75
9/24/16,9,0,23.9
9/25/16,5,0,19.75
9/26/16,17,0,18.35
9/27/16,17,10.16,20
9/28/16,26,0,16.1
9/29/16,4,13.462,15.55
9/30/16,2,17.018,17.5
10/1/16,14,12.446,16.65
10/2/16,13,12.954,18.85
10/3/16,18,4.064,17.2
10/4/16,7,0,15.55
10/5/16,10,0,17.25
10/6/16,18,0,15.3
10/7/16,7,0,16.4
10/8/16,5,16.51,17.75
10/9/16,4,0,12.75
10/10/16,16,0,11.4
10/11/16,10,0,10.6
10/12/16,26,0,13.35
10/13/16,10,0,15
10/14/16,11,2.032,10.85
10/15/16,26,0,11.1
10/16/16,25,0,14.45
10/17/16,13,0.254,19.15
10/18/16,16,9.398,20.55
10/19/16,12,,
10/20/16,11,0,20.8
10/21/16,2,34.036,19.7
10/22/16,5,33.528,10.25
10/23/16,14,2.286,7.5
10/24/16,7,0,12.2
10/25/16,8,0,10.85
10/26/16,11,0,6.95
10/27/16,10,0.508,6.95
10/28/16,13,1.524,11.7
10/29/16,25,0,12.75
10/30/16,13,0,15
10/31/16,6,4.826,15
11/1/16,23,0,13.65
11/2/16,23,0,14.75
11/3/16,13,0,20.6
11/4/16,9,4.318,14.45
11/5/16,14,0,8.6
11/6/16,27,0,10.3
11/7/16,29,0,10.55
11/8/16,40,0,11.65
11/9/16,7,3.302,11.4
11/10/16,12,0.508,8.05
11/11/16,8,0,9.7
11/12/16,12,0,6.95
11/13/16,19,0,3.6
11/14/16,24,0,5
11/15/16,32,,
11/16/16,21,,
11/17/16,36,,
11/18/16,40,0,8.85
11/19/16,11,0,11.95
11/20/16,3,2.286,7.5
11/21/16,6,0.254,0.3
11/22/16,13,0,0.55
11/23/16,15,0,0.3
11/24/16,25,1.016,3.05
11/25/16,6,0,8.05
11/26/16,14,0.762,5.55
11/27/16,19,0,3.65
11/28/16,33,0,2.2
11/29/16,17,3.302,5.55
11/30/16,12,0,12.5
12/1/16,8,,
12/2/16,11,0,4.75
12/3/16,8,0,4.45
12/4/16,6,0,3.85
12/5/16,8,3.048,5.25
12/6/16,5,0,4.15
12/7/16,11,9.398,5
12/8/16,9,0,4.15
12/9/16,9,,
12/10/16,10,,
12/11/16,7,,
12/12/16,10,,
12/13/16,10,,
12/14/16,9,,
12/15/16,9,,
12/16/16,7,0,-10.8
12/17/16,16,12.7,-5.3
12/18/16,9,38.862,6.65
12/19/16,12,6.858,-0.3
12/20/16,26,0,-4.7
12/21/16,15,0,-3.6
12/22/16,14,0,1.65
12/23/16,12,0,2.8
12/24/16,12,0.254,3.9
12/25/16,8,0.254,6.4
12/26/16,9,0,5.3
12/27/16,8,3.048,11.95
12/28/16,6,0,5.85
12/29/16,8,2.286,3.6
12/30/16,7,13.208,3.6
12/31/16,11,0,0
1/1/17,9,1.524,3.3
1/2/17,4,1.27,5.55
1/3/17,4,1.27,7.5
1/4/17,5,15.24,7.8
1/5/17,8,0.762,2.5
1/6/17,9,2.54,-9.7
1/7/17,9,0,-9.2
1/8/17,10,0,-10
1/9/17,7,0,-10.85
1/10/17,7,0,-8.05
1/11/17,9,1.778,3.9
1/12/17,13,,
1/13/17,6,13.716,10.55
1/14/17,7,0,2.25
1/15/17,16,0,1.95
1/16/17,20,0,0.25
1/17/17,18,1.27,1.1
1/18/17,6,1.016,10
1/19/17,9,0.762,6.65
1/20/17,12,0,4.2
1/21/17,29,3.81,7.5
1/22/17,17,0,11.95
1/23/17,2,0.508,12.25
1/24/17,5,25.4,6.65
1/25/17,10,2.032,3.9
1/26/17,10,10.668,8.05
1/27/17,11,0.762,3.35
1/28/17,13,6.35,0.8
1/29/17,8,,
1/30/17,6,27.178,0.25
1/31/17,12,26.924,-2.5
2/1/17,10,1.524,2.2
2/2/17,6,0,3.3
2/3/17,5,0,0
2/4/17,7,0,-5
2/5/17,18,0,-3.05
2/6/17,15,0,2.8
2/7/17,15,3.556,5.55
2/8/17,7,9.906,12.75
2/9/17,6,,
2/10/17,10,0.508,-6.1
2/11/17,27,0,-2.75
2/12/17,13,1.778,6.95
2/13/17,6,4.826,5.8
2/14/17,14,0,0.85
2/15/17,7,0,2.8
2/16/17,6,14.478,0.55
2/17/17,15,0,-3.6
2/18/17,21,0,1.7
2/19/17,21,0,8.35
2/20/17,16,0,8.6
2/21/17,12,0,7.75
2/22/17,31,0,13.6
2/23/17,17,0,14.7
2/24/17,10,0,15.85
2/25/17,7,1.27,17.5
2/26/17,9,0,7.2
2/27/17,13,0,2.2
2/28/17,28,5.08,4.2
3/1/17,9,1.524,9.4
3/2/17,4,26.67,8.6
3/3/17,5,0,0
3/4/17,6,0,-2.25
3/5/17,5,0,-3.05
3/6/17,22,0,0.8
3/7/17,12,10.414,7.8
3/8/17,11,6.858,10
3/9/17,9,0,8.6
3/10/17,4,15.748,8.05
3/11/17,4,7.874,-2.5
3/12/17,8,0,-4.2
3/13/17,6,0,-2.2
3/14/17,6,0,0.25
3/15/17,6,3.556,-4.15
3/16/17,9,0,-4.7
3/17/17,14,0,-1.65
3/18/17,9,3.81,1.1
3/19/17,8,2.032,3.35
3/20/17,11,0,3.6
3/21/17,10,0,5.85
3/22/17,5,0,6.65
3/23/17,6,0,-1.15
3/24/17,27,0.508,2.2
3/25/17,23,0,12.8
3/26/17,11,0,16.7
3/27/17,18,10.16,13.6
3/28/17,12,,
3/29/17,4,3.048,11.95
3/30/17,5,0,12.25
3/31/17,6,3.81,10.55
4/1/17,5,27.94,7.5
4/2/17,9,0.508,3.3
4/3/17,8,0,9.15
4/4/17,13,1.016,14.45
4/5/17,4,1.524,12.25
4/6/17,8,2.286,12.25
4/7/17,5,15.494,7.25
4/8/17,17,2.032,2.2
4/9/17,27,0,6.9
4/10/17,18,0,11.15
4/11/17,16,0,13.1
4/12/17,6,5.842,16.1
4/13/17,6,0,11.1
4/14/17,11,0,11.7
4/15/17,31,0,16.35
4/16/17,23,1.778,18.05
4/17/17,5,17.78,20.25
4/18/17,5,0,15.85
4/19/17,12,0,17.2
4/20/17,10,14.224,19.45
4/21/17,10,15.494,19.45
4/22/17,4,0.762,15.55
4/23/17,4,0,10
4/24/17,5,0,11.95
4/25/17,4,0.254,11.35
4/26/17,13,0,0
4/27/17,22,0,18.6
4/28/17,11,6.096,17.75
4/29/17,12,5.08,16.65
4/30/17,15,5.08,20.25
5/1/17,12,0,20.8
5/2/17,10,,
5/3/17,6,,
5/4/17,5,,
5/5/17,3,,
5/6/17,4,11.43,14.45
5/7/17,5,5.08,8.05
5/8/17,6,0,9.15
5/9/17,15,0,8.6
5/10/17,16,0,9.45
5/11/17,7,0,14.15
5/12/17,4,12.7,13.05
5/13/17,9,0,12.5
5/14/17,11,0,13.9
5/15/17,11,,
5/16/17,26,0,13.6
5/17/17,24,0,19.7
5/18/17,24,0,23.6
5/19/17,16,0,23.35
5/20/17,8,0,22.75
5/21/17,7,0,19.45
5/22/17,11,24.892,17.8
5/23/17,15,0.254,16.1
5/24/17,4,0,17.2
5/25/17,7,12.7,16.65
5/26/17,9,4.826,16.95
5/27/17,18,,
5/28/17,20,,
5/29/17,13,14.986,19.2
5/30/17,14,0,21.1
5/31/17,13,12.7,19.45
6/1/17,14,4.318,18.9
6/2/17,17,0,18.35
6/3/17,17,0,19.4
6/4/17,22,0,20.6
6/5/17,14,2.032,21.15
6/6/17,4,9.906,19.45
6/7/17,4,0,15.55
6/8/17,4,0,13.9
6/9/17,17,0,17.2
6/10/17,19,0.508,18.35
6/11/17,22,0,24.75
6/12/17,20,0,24.75
6/13/17,19,0,25.55
6/14/17,19,59.182,26.15
6/15/17,11,4.826,24.2
6/16/17,8,43.434,24.7
6/17/17,15,24.13,21.4
6/18/17,14,0,23.35
6/19/17,11,18.796,23.9
6/20/17,13,14.732,21.1
6/21/17,18,0,20.55
6/22/17,19,0,20.3
6/23/17,10,7.366,23.6
6/24/17,12,36.576,21.4
6/25/17,12,35.814,23.05
6/26/17,13,0,18.9
6/27/17,8,0,18.6
6/28/17,11,0,16.95
6/29/17,23,0,18.3
6/30/17,15,17.78,23.05
7/1/17,14,0,26.95
7/2/17,14,12.192,24.15
7/3/17,15,0,24.75
7/4/17,17,6.35,24.75
7/5/17,18,0,25.85
7/6/17,7,0,25.25
7/7/17,9,9.906,26.7
7/8/17,13,2.032,24.15
7/9/17,17,9.652,20.85
7/10/17,15,0,21.7
7/11/17,15,10.16,20.85
7/12/17,20,3.302,24.75
7/13/17,22,0,26.95
7/14/17,14,12.7,24.45
7/15/17,7,0,25.85
7/16/17,24,0,23.9
7/17/17,20,0,23.9
7/18/17,23,0,24.4
7/19/17,26,0,25.85
7/20/17,19,0,26.95
7/21/17,16,0.762,27.2
7/22/17,14,0,26.95
7/23/17,13,9.144,25
7/24/17,9,3.556,24.2
7/25/17,6,0,23.05
7/26/17,15,0,20.25
7/27/17,23,0,21.35
7/28/17,11,0.508,24.45
7/29/17,4,66.04,20.55
7/30/17,20,3.556,20.85
7/31/17,22,0,21.95
8/1/17,29,0,24.15
8/2/17,23,0,24.15
8/3/17,15,5.842,25.25
8/4/17,13,0,25.55
8/5/17,12,6.35,23.35
8/6/17,10,0,19.15
8/7/17,7,0,18.9
8/8/17,12,13.97,19.75
8/9/17,23,0,19.45
8/10/17,26,0,21.95
8/11/17,13,0.508,21.7
8/12/17,19,2.54,23.6
8/13/17,32,0,21.65
8/14/17,13,0,21.4
8/15/17,20,0,22.5
8/16/17,18,0,24.7
8/17/17,24,0,25
8/18/17,10,9.652,25.55
8/19/17,15,24.892,25
8/20/17,20,6.858,23.6
8/21/17,26,0,24.45
8/22/17,18,1.778,25
8/23/17,,29.21,25.55
8/24/17,,0,20.6
8/25/17,,5.588,19.4
8/26/17,,0,17.5
8/27/17,,0,18.6
8/28/17,,0,21.65
8/29/17,,0,21.65
8/30/17,,0,20
8/31/17,,0,20.55
9/1/17,,0,17.75
9/2/17,,0.254,15.55
9/3/17,,5.334,17.75
9/4/17,,,
9/5/17,,6.096,20.85
9/6/17,,6.35,19.7
9/7/17,,0,16.4
9/8/17,2,2.54,15.55
9/9/17,13,0,15.3
9/10/17,6,0,15
9/11/17,5,0,16.65
9/12/17,4,0,16.65
9/13/17,11,0,18.6
9/14/17,6,5.08,21.15
9/15/17,18,0.508,18.35
9/16/17,31,0,21.4
9/17/17,35,0,21.65
9/18/17,31,0,23.6
9/19/17,21,0,24.75
9/20/17,27,,
9/21/17,41,,
9/22/17,37,0,24.45
9/23/17,34,0,24.45
9/24/17,36,0,24.7
9/25/17,40,0,25.8
9/26/17,47,0,27.5
9/27/17,35,0,24.4
9/28/17,2,0,25
9/29/17,11,0,16.7
9/30/17,4,0,15.25
10/1/17,9,0,11.4
10/2/17,30,0,13.6
10/3/17,40,0,13.9
10/4/17,30,0,20
10/5/17,12,0,20.3
10/6/17,13,23.622,18.85
10/7/17,21,0,20.3
10/8/17,10,9.398,23.9
10/9/17,6,8.382,20.55
10/10/17,7,4.572,23.1
10/11/17,12,0,23.05
10/12/17,7,5.334,22.5
10/13/17,4,,
10/14/17,27,0,20
10/15/17,21,0,21.65
10/16/17,3,9.906,17.8
10/17/17,14,0,9.2
10/18/17,27,0,11.1
10/19/17,28,0,14.45
10/20/17,35,0,12.2
10/21/17,54,0,16.4
10/22/17,37,0,16.95
10/23/17,4,0,19.75
10/24/17,8,24.638,16.65
10/25/17,11,0,11.15
10/26/17,8,0,6.65
10/27/17,16,0,6.7
10/28/17,11,0,11.95
10/29/17,3,24.13,8.3
10/30/17,10,8.128,6.35
10/31/17,10,0,6.35
11/1/17,10,0,5
11/2/17,18,0,6.4
11/3/17,9,0.508,15
11/4/17,,0,9.45
11/5/17,,6.604,9.75
11/6/17,,40.64,14.2
11/7/17,,3.81,9.45
11/8/17,13,5.08,3.6
11/9/17,17,0,6.15
11/10/17,3,0,5.85
11/11/17,5,0,-3.65
11/12/17,26,0,-0.85
11/13/17,11,6.096,4.15
11/14/17,10,0,3.05
11/15/17,18,0,3.05
11/16/17,8,,
11/17/17,12,0,6.1
11/18/17,21,4.318,3.9
11/19/17,5,,
11/20/17,11,2.032,2.25
11/21/17,20,0,3.05
11/22/17,8,1.778,6.1
11/23/17,18,0,-0.3
11/24/17,19,0,3.6
11/25/17,13,0,4.75
11/26/17,9,0,8.3
11/27/17,16,0,6.1
11/28/17,28,0,6.15
11/29/17,13,,
11/30/17,33,0,7.75
12/1/17,23,3.048,9.15
12/2/17,58,0,4.7
12/3/17,40,0,3.85
12/4/17,32,0,5
12/5/17,10,1.778,6.1
12/6/17,11,,4.4
12/7/17,8,0,3.05
12/8/17,9,0,-1.1
12/9/17,6,0,-2.5
12/10/17,14,0,1.65
12/11/17,9,0,0
12/12/17,9,0,2.2
12/13/17,6,0,-3.65
12/14/17,11,2.794,-5
12/15/17,20,0,-4.45
12/16/17,18,0,-3.9
12/17/17,18,0,0.25
12/18/17,15,0.762,1.1
12/19/17,18,1.016,4.7
12/20/17,8,0,7.5
12/21/17,4,0,2.5
12/22/17,15,0,5
12/23/17,4,5.588,9.45
12/24/17,5,15.24,5.55
12/25/17,11,2.286,0.85
12/26/17,7,0,-4.45
12/27/17,5,0.254,-7.5
12/28/17,10,0,-11.95
12/29/17,10,0,-11.1
12/30/17,9,52.578,-8.35
12/31/17,12,28.194,-10
1/1/18,17,0,-11.4
1/2/18,14,0,-12.8
1/3/18,25,0,-12.5
1/4/18,6,0,-8.9
1/5/18,6,0,-12.8
1/6/18,10,0,-15.3
1/7/18,13,0,-15.55
1/8/18,15,0,-10
1/9/18,12,6.35,1.1
1/10/18,28,,
1/11/18,6,,
1/12/18,7,35.56,9.45
1/13/18,4,128.27,3.6
1/14/18,20,0,-10
1/15/18,5,0,-7.75
1/16/18,10,65.024,-7.25
1/17/18,24,54.61,-8.05
1/18/18,15,0.254,-10.3
1/19/18,17,0,-6.95
1/20/18,17,0,-0.3
1/21/18,20,0,5.55
1/22/18,15,0,6.95
1/23/18,9,,
1/24/18,5,0.254,5.3
1/25/18,6,0,-1.9
1/26/18,28,0,-3.1
1/27/18,14,0,4.4
1/28/18,14,6.35,5.25
1/29/18,17,0,4.15
1/30/18,4,53.848,0.8
1/31/18,9,0,-7.8
2/1/18,15,,
2/2/18,5,4.572,-0.25
2/3/18,8,0,-7.75
2/4/18,11,0,-2.75
2/5/18,7,2.54,-1.15
2/6/18,8,0.762,-3.9
2/7/18,7,4.064,-2.5
2/8/18,17,,
2/9/18,12,1.016,-4.15
2/10/18,27,0,-1.1
2/11/18,10,9.398,4.45
2/12/18,7,61.468,5.55
2/13/18,5,0,-1.1
2/14/18,15,0,0.85
2/15/18,14,11.43,9.7
2/16/18,6,57.658,13.3
2/17/18,6,,
2/18/18,8,7.62,0
2/19/18,13,0,2.2
2/20/18,15,14.986,10.3
2/21/18,7,0,17.2
2/22/18,2,9.906,11.95
2/23/18,11,39.37,6.7
2/24/18,4,4.826,12.8
2/25/18,9,15.748,11.1
2/26/18,10,0,9.4
2/27/18,20,0,5.8
2/28/18,19,0,8.3
3/1/18,9,0,10
3/2/18,4,12.446,5.55
3/3/18,4,0,1.4
3/4/18,3,0,2.25
3/5/18,7,,
3/6/18,4,,
3/7/18,5,,
3/8/18,6,,
3/9/18,11,5.842,-0.55
3/10/18,9,0,-2.8
3/11/18,6,0,0.25
3/12/18,7,0,0.85
3/13/18,4,0,2.5
3/14/18,7,0,-1.1
3/15/18,10,0,-1.95
3/16/18,5,0,2.5
3/17/18,14,0,0
3/18/18,20,,
3/19/18,12,,
3/20/18,5,0,7.25
3/21/18,4,9.906,1.65
3/22/18,5,9.652,-1.9
3/23/18,12,0,0
3/24/18,5,0,1.95
3/25/18,4,0,0.25
3/26/18,5,0,0.55
3/27/18,8,0,4.4
3/28/18,7,,
3/29/18,10,7.112,20
3/30/18,4,15.494,13.9
3/31/18,14,15.24,11.65
4/1/18,6,2.54,1.95
4/2/18,6,8.636,3.9
4/3/18,11,2.032,4.45
4/4/18,9,22.86,6.95
4/5/18,7,1.778,5.85
4/6/18,10,0,3.05
4/7/18,5,20.066,5.85
4/8/18,7,0,0.55
4/9/18,8,0,1.65
4/10/18,9,0,1.1
4/11/18,22,0,2.2
4/12/18,19,0,5.8
4/13/18,29,0,16.9
4/14/18,21,0,21.4
4/15/18,8,0,20.3
4/16/18,6,30.734,16.95
4/17/18,7,5.08,4.45
4/18/18,7,1.27,2.5
4/19/18,5,5.842,6.1
4/20/18,4,2.794,3.35
4/21/18,21,0,6.4
4/22/18,6,0,6.4
4/23/18,6,0,13.35
4/24/18,3,1.27,15
4/25/18,4,10.16,12.25
4/26/18,11,1.016,10.55
4/27/18,27,0,12.5
4/28/18,,0,13.35
4/29/18,,2.54,6.1
4/30/18,10,0,5.55
5/1/18,15,0,10
5/2/18,22,0,16.4
5/3/18,24,0,20
5/4/18,17,30.48,23.6
5/5/18,10,4.064,19.45
5/6/18,7,3.302,17.5
5/7/18,13,6.604,11.65
5/8/18,18,0,15.85
5/9/18,20,0,16.95
5/10/18,15,1.524,21.4
5/11/18,8,0,20.25
5/12/18,17,0,18.6
5/13/18,13,14.732,20.3
5/14/18,11,6.858,20
5/15/18,12,9.652,21.95
5/16/18,8,0,22.5
5/17/18,5,7.366,22.5
5/18/18,5,0,21.95
5/19/18,7,3.048,20
5/20/18,9,12.7,19.7
5/21/18,9,0,21.15
5/22/18,11,2.794,21.4
5/23/18,9,0,22.5
5/24/18,37,0,19.2
5/25/18,30,,
5/26/18,17,,
5/27/18,12,,
5/28/18,23,,
5/29/18,13,,
5/30/18,4,,
5/31/18,12,,
6/1/18,13,,
6/2/18,8,27.94,23.05
6/3/18,9,0,23.05
6/4/18,5,19.812,23.05
6/5/18,10,0,17.8
6/6/18,4,1.016,16.1
6/7/18,23,0,12.25
6/8/18,23,0,16.95
6/9/18,17,0,23.1
6/10/18,10,4.572,21.95
6/11/18,2,,
6/12/18,4,0,20.25
6/13/18,16,,
6/14/18,15,2.54,20.85
6/15/18,23,0,21.1
6/16/18,32,0,21.1
6/17/18,16,0,23.1
6/18/18,26,0,29.15
6/19/18,8,0,28.6
6/20/18,15,0,25
6/21/18,7,50.8,23.35
6/22/18,3,,
6/23/18,12,,
6/24/18,13,,
6/25/18,7,0,22.8
6/26/18,7,0,22.5
6/27/18,10,0,22.5
6/28/18,16,0,23.35
6/29/18,23,0,24.15
6/30/18,31,0,25.3
7/1/18,28,0,#VALUE!
7/2/18,15,0,#VALUE!
7/3/18,6,2.794,#VALUE!
7/4/18,20,0,#VALUE!
7/5/18,14,2.54,#VALUE!
7/6/18,5,8.382,#VALUE!
7/7/18,3,0,22.2
7/8/18,6,0,21.1
7/9/18,18,0,#VALUE!
7/10/18,16,0,#VALUE!
7/11/18,10,0,#VALUE!
7/12/18,7,0,23.05
7/13/18,14,0,#VALUE!
7/14/18,21,0,#VALUE!
7/15/18,20,0.254,#VALUE!
7/16/18,16,42.926,#VALUE!
7/17/18,8,5.842,#VALUE!
7/18/18,14,3.048,23.3
7/19/18,12,0,22.5
7/20/18,10,0,#VALUE!
7/21/18,6,0.508,23.65
7/22/18,7,0.508,21.7
7/23/18,,3.048,21.95
7/24/18,3,4.572,#VALUE!
7/25/18,9,2.286,26.7
7/26/18,14,0,25
7/27/18,15,10.16,22.5
7/28/18,12,2.286,22.8
7/29/18,14,0,21.95
7/30/18,9,0,#VALUE!
7/31/18,4,0.762,23.05
8/1/18,16,7.366,24.45
8/2/18,10,0,23.05
8/3/18,10,2.54,23.05
8/4/18,16,1.016,25
8/5/18,19,0,26.15
8/6/18,19,0,26.15
8/7/18,14,0,26.7
8/8/18,15,1.27,26.7
8/9/18,13,20.828,25.55
8/10/18,13,0,25.85
8/11/18,12,21.082,24.2
8/12/18,14,0,23.6
8/13/18,16,0,24.45
8/14/18,13,10.16,23.05
8/15/18,21,12.7,23.05
8/16/18,18,0,24.15
8/17/18,17,8.89,25.55
8/18/18,13,9.398,22.8
8/19/18,7,,
8/20/18,6,,
8/21/18,12,0,24.45
8/22/18,11,11.938,24.45
8/23/18,13,0,19.45
8/24/18,14,0,20.3
8/25/18,9,0,20.55
8/26/18,25,0,22.25
8/27/18,21,,
8/28/18,20,0,27.25
8/29/18,17,0,28.6
8/30/18,8,8.382,27.5
8/31/18,15,0,24.45
9/1/18,8,0,25
9/2/18,11,0,25.85
9/3/18,18,0,25.8
9/4/18,17,0,27.2
9/5/18,19,0,27.5
9/6/18,11,,
9/7/18,8,12.192,25.55
9/8/18,2,12.446,25
9/9/18,0,36.068,16.95
9/10/18,3,86.36,15
9/11/18,4,3.556,17.5
9/12/18,6,0,18.9
9/13/18,3,0,21.7
9/14/18,4,0,25.55
9/15/18,3,0,26.95
9/16/18,4,0,23.05
9/17/18,3,0,24.75
9/18/18,9,24.13,23.1
9/19/18,14,0,23.6
9/20/18,23,,
9/21/18,18,0,23.6
9/22/18,3,23.876,23.6
9/23/18,4,0,16.65
9/24/18,1,0,18.6
9/25/18,5,11.938,18.9
9/26/18,7,7.874,20
9/27/18,7,0.762,19.45
9/28/18,13,2.032,16.35
9/29/18,15,0,17.2
9/30/18,18,0,15.3
10/1/18,18,0,18.1
10/2/18,18,0,19.75
10/3/18,10,36.322,21.7
10/4/18,13,0,21.35
10/5/18,8,21.082,20
10/6/18,11,0,19.45
10/7/18,24,7.62,24.15
10/8/18,22,0,24.75
10/9/18,5,0,25
10/10/18,5,0,25.3
10/11/18,5,0.762,25.25
10/12/18,5,0,15.55
10/13/18,9,7.874,15.25
10/14/18,6,1.016,8.9
10/15/18,8,1.016,9.7
10/16/18,9,2.794,12.5
10/17/18,10,0,9.7
10/18/18,7,0,10.25
10/19/18,15,0,7.5
10/20/18,12,1.016,8.9
10/21/18,4,4.318,12.2
10/22/18,10,0,3.05
10/23/18,11,0,8.05
10/24/18,6,0,10.55
10/25/18,12,0,5.55
10/26/18,4,0,4.75
10/27/18,3,16.51,8.35
10/28/18,11,8.128,8.65
10/29/18,9,7.62,8.35
10/30/18,14,0,8.35
10/31/18,19,,
11/1/18,8,4.064,12.2
11/2/18,8,3.302,16.1
11/3/18,10,0.762,11.4
11/4/18,13,,
11/5/18,5,5.08,8.6
11/6/18,6,2.286,13.6
11/7/18,16,3.048,13.9
11/8/18,10,0,8.05
11/9/18,5,3.81,6.1
11/10/18,7,15.24,0.3
11/11/18,15,0,-2.75
11/12/18,22,0,3.05
11/13/18,6,20.066,2.5
11/14/18,4,1.016,1.9
11/15/18,2,0.254,0.55
11/16/18,16,23.622,1.95
11/17/18,14,0,1.95
11/18/18,10,0,3.6
11/19/18,5,2.54,6.95
11/20/18,8,6.35,3.35
11/21/18,12,0,1.95
11/22/18,2,,
11/23/18,4,0,-3.9
11/24/18,7,0,4.15
11/25/18,14,11.938,6.35
11/26/18,8,1.524,7.8
11/27/18,5,3.556,4.45
11/28/18,7,1.524,-1.4
11/29/18,9,,
11/30/18,15,0,0.3
12/1/18,6,0,4.2
12/2/18,9,9.144,6.4
12/3/18,10,0,13.6
12/4/18,3,1.27,4.15
12/5/18,7,0.254,1.1
12/6/18,13,0,0.3
12/7/18,8,0,-0.55
12/8/18,12,0,-1.4
12/9/18,7,0,-4.2
12/10/18,13,0,-4.15
12/11/18,15,0,-5
12/12/18,11,,
12/13/18,27,0,1.65
12/14/18,24,0,4.15
12/15/18,3,8.382,4.7
12/16/18,5,21.59,7.25
12/17/18,9,4.826,4.45
12/18/18,9,0,0.8
12/19/18,41,0,-0.3
12/20/18,34,0,-1.1
12/21/18,4,20.066,3.6
12/22/18,7,22.86,5.3
12/23/18,10,0.508,2.25
12/24/18,12,1.27,3.35
12/25/18,15,0,2.5
12/26/18,33,0,1.15
12/27/18,10,0,2.25
12/28/18,19,10.16,4.2
12/29/18,13,0.762,9.7
12/30/18,19,,
12/31/18,33,,
1/1/19,11,14.478,8.6
1/2/19,9,0.254,6.65
1/3/19,17,0,4.45
1/4/19,12,0,0.85
1/5/19,15,0,2.25
1/6/19,10,0,5.55
1/7/19,2,0,4.7
1/8/19,18,0,5
1/9/19,5,5.842,8.85
1/10/19,4,2.794,-0.55
1/11/19,8,0,-3.85
1/12/19,8,0,-2.5
1/13/19,7,29.464,-1.65
1/14/19,10,0,-0.55
1/15/19,22,0,0.3
1/16/19,21,0.254,-1.95
1/17/19,5,0,-1.4
1/18/19,11,1.27,-1.1
1/19/19,5,0,1.1
1/20/19,4,46.99,-0.55
1/21/19,6,0,-9.15
1/22/19,7,0,-14.7
1/23/19,19,0,-5
1/24/19,9,11.684,5
1/25/19,16,18.542,1.15
1/26/19,16,0,-5.3
1/27/19,15,7.62,-3.3
1/28/19,6,0,-4.2
1/29/19,16,1.27,0.55
1/30/19,12,2.794,-3.05
1/31/19,17,0,-15.3
2/1/19,14,26.162,-16.65
2/2/19,30,0,-10
2/3/19,20,0,-3.9
2/4/19,25,0,8.35
2/5/19,12,0,8.9
2/6/19,10,0.254,9.15
2/7/19,7,16.002,8.6
2/8/19,15,19.558,11.95
2/9/19,6,0,-0.8
2/10/19,7,0,-5
2/11/19,8,43.688,-2.5
2/12/19,5,12.954,1.95
2/13/19,25,15.494,2.8
2/14/19,9,0,-1.65
2/15/19,18,,
2/16/19,4,0,4.75
2/17/19,5,0,-2.75
2/18/19,13,4.318,-0.55
2/19/19,7,0,-2.2
2/20/19,3,0,-3.9
2/21/19,16,72.644,2.2
2/22/19,8,0,5.85
2/23/19,5,0,3.9
2/24/19,14,3.81,4.15
2/25/19,13,0.508,6.7
2/26/19,5,0,0
2/27/19,10,0,0
2/28/19,7,0,5.25
3/1/19,7,4.064,0.8
3/2/19,15,,
3/3/19,9,,
3/4/19,10,,
3/5/19,17,0,-6.95
3/6/19,20,0.508,-8.35
3/7/19,16,0,-7.2
3/8/19,9,0,-2.8
3/9/19,11,0,-1.1
3/10/19,11,17.526,3.05
3/11/19,14,0,8.6
3/12/19,16,0,4.15
3/13/19,22,0,2.75
3/14/19,23,0,6.65
3/15/19,19,5.08,15.85
3/16/19,8,1.016,8.9
3/17/19,5,0,2.2
3/18/19,7,0,2.2
3/19/19,22,0,1.65
3/20/19,29,0,3.9
3/21/19,11,0,5
3/22/19,6,1.524,8.05
3/23/19,6,2.032,2.25
3/24/19,22,0,3.3
3/25/19,6,0.762,6.1
3/26/19,4,6.35,3.6
3/27/19,9,0,3.9
3/28/19,22,0,
3/29/19,21,6.35,8.9
3/30/19,21,,
3/31/19,3,,
4/1/19,7,0,-0.3
4/2/19,15,0,2.2
4/3/19,13,0,6.35
4/4/19,12,0,7.75
4/5/19,5,2.286,9.15
4/6/19,12,0.508,10.55
4/7/19,25,0,10.8
4/8/19,13,1.27,16.4
4/9/19,9,0,16.65
4/10/19,6,0,10
4/11/19,5,0,10
4/12/19,9,0,12.8
4/13/19,15,4.826,18.6
4/14/19,7,0,17.5
4/15/19,9,29.21,11.95
4/16/19,14,0,7.75
4/17/19,21,0,10.55
4/18/19,15,0,16.65
4/19/19,8,0,22.2
4/20/19,7,11.43,18.3
4/21/19,7,18.796,15.3
4/22/19,17,0,10.85
4/23/19,17,0,17.2
4/24/19,4,0.762,17.2
4/25/19,8,0,15
4/26/19,7,8.382,14.75
4/27/19,8,12.7,10.6
4/28/19,9,2.286,8.65
4/29/19,6,0,8.05
4/30/19,7,0,9.75
5/1/19,22,7.366,15.3
5/2/19,10,0,21.1
5/3/19,13,3.048,21.4
5/4/19,7,2.286,21.15
5/5/19,4,6.35,17.2
5/6/19,15,2.032,13.65
5/7/19,13,0,16.7
5/8/19,6,0,17.8
5/9/19,12,0,17.8
5/10/19,9,10.922,21.1
5/11/19,3,0,17.25
5/12/19,6,8.636,16.15
5/13/19,8,9.144,13.05
5/14/19,5,2.54,11.1
5/15/19,13,0,9.2
5/16/19,14,0,12.25
5/17/19,15,0,18.35
5/18/19,13,8.89,18.6
5/19/19,21,0.762,21.4
5/20/19,11,,
5/21/19,5,0,17.5
5/22/19,6,0,13.6
5/23/19,19,0,20.6
5/24/19,8,,
5/25/19,22,,
5/26/19,8,,
5/27/19,6,,
5/28/19,15,9.652,23.05
5/29/19,15,17.526,24.7
5/30/19,14,43.942,24.15
5/31/19,12,6.604,20.55
6/1/19,17,0,20.6
6/2/19,11,13.716,20.6
6/3/19,7,0.508,17.5
6/4/19,16,0,11.4
6/5/19,20,0,12.8
6/6/19,9,2.032,18.05
6/7/19,9,0.254,22.25
6/8/19,7,0,22.8
6/9/19,5,0,24.45
6/10/19,3,2.032,20.55
6/11/19,6,9.144,20
6/12/19,15,0,17.8
6/13/19,11,0.254,18.35
6/14/19,8,6.096,15.6
6/15/19,14,0,17.25
6/16/19,17,1.778,18.9
6/17/19,14,13.97,21.95
6/18/19,9,4.572,22.5
6/19/19,8,1.524,23.35
6/20/19,13,15.24,24.75
6/21/19,5,12.446,20.55
6/22/19,14,,
6/23/19,13,,
6/24/19,15,,
6/25/19,10,14.478,25.25
6/26/19,17,0,23.6
6/27/19,14,0,24.2
6/28/19,14,46.736,23.6
6/29/19,17,3.556,26.1
6/30/19,7,4.064,25.55
7/1/19,19,0,21.95
7/2/19,14,0,21.95
7/3/19,11,10.16,25
7/4/19,16,0,25.3
7/5/19,11,0,26.35
7/6/19,11,0,25.3
7/7/19,7,39.37,26.95
7/8/19,8,11.684,23.05
7/9/19,8,0,25
7/10/19,14,0,24.7
7/11/19,6,0,26.4
7/12/19,12,55.372,21.7
7/13/19,20,0,21.7
7/14/19,14,0,23.65
7/15/19,17,0,22.8
7/16/19,17,0,24.45
7/17/19,12,1.016,26.95
7/18/19,8,0.254,24.7
7/19/19,20,0,27.2
7/20/19,20,0,25.85
7/21/19,15,0,28.35
7/22/19,6,16.51,25
7/23/19,5,13.97,23.05
7/24/19,16,0,20.55
7/25/19,23,3.556,20.3
7/26/19,17,0,23.05
7/27/19,18,0,23.05
7/28/19,21,0,25
7/29/19,21,0,26.1
7/30/19,13,0,25.3
7/31/19,10,21.59,24.15
8/1/19,14,0.254,23.3
8/2/19,10,0,24.15
8/3/19,21,8.89,25.8
8/4/19,20,0,26.7
8/5/19,23,0,24.45
8/6/19,19,0,25.25
8/7/19,11,1.27,26.4
8/8/19,14,0,24.45
8/9/19,10,0.762,23.85
8/10/19,9,0,21.95
8/11/19,22,0,21.4
8/12/19,18,0,22.5
8/13/19,8,0,24.45
8/14/19,11,18.542,22.25
8/15/19,13,0,25.55
8/16/19,16,17.526,23.6
8/17/19,18,0,23.6
8/18/19,14,0.762,24.45
8/19/19,12,0,25.55
8/20/19,16,0,26.1
8/21/19,9,3.302,28.9
8/22/19,9,0,25.3
8/23/19,4,10.922,24.7
8/24/19,4,0,21.15
8/25/19,5,0,18.9
8/26/19,6,0,20.3
8/27/19,7,4.572,19.75
8/28/19,8,10.16,20.85
8/29/19,13,2.286,20
8/30/19,12,0,19.7
8/31/19,6,0,23.85
9/1/19,7,0,22.75
9/2/19,12,23.368,21.1
9/3/19,14,0,21.7
9/4/19,12,0,22.5
9/5/19,5,0,22.5
9/6/19,9,0,21.4
9/7/19,13,0,21.15
9/8/19,11,0,19.4
9/9/19,6,0,19.7
9/10/19,,0,21.4
9/11/19,,0,24.15
9/12/19,6,0,26.1
9/13/19,3,0,25
9/14/19,8,3.81,25.55
9/15/19,14,0,20
9/16/19,14,0.254,19.75
9/17/19,6,0,24.75
9/18/19,3,0,20.8
9/19/19,6,0,20.8
9/20/19,21,0,18.6
9/21/19,21,0,19.75
9/22/19,20,0,23.05
9/23/19,18,0.254,24.7
9/24/19,9,0,17.75
9/25/19,17,0,16.35
9/26/19,10,1.27,18.3
9/27/19,19,3.048,18.35
9/28/19,19,0,20.6
9/29/19,4,0,24.15
9/30/19,17,1.27,20.85
10/1/19,24,19.558,23.6
10/2/19,16,0,25.85
10/3/19,13,,
10/4/19,1,0,23.9
10/5/19,3,0,14.15
10/6/19,12,0,15.25
10/7/19,4,41.91,18.05
10/8/19,4,13.97,13.6
10/9/19,4,0,17.2
10/10/19,6,0,17.2
10/11/19,4,0,18.05
10/12/19,8,0,11.65
10/13/19,10,0,8.9
10/14/19,15,0,11.1
10/15/19,19,0,11.95
10/16/19,8,0,15
10/17/19,3,24.384,10.85
10/18/19,13,1.778,6.95
10/19/19,13,0,7.8
10/20/19,25,0,11.1
10/21/19,19,0,15
10/22/19,7,0.508,16.1
10/23/19,12,15.748,13.05
10/24/19,17,0,10.3
10/25/19,27,0,14.7
10/26/19,10,0,11.4
10/27/19,8,10.16,13.35
10/28/19,20,3.81,13.05
10/29/19,19,0,12.8
10/30/19,11,0,13.05
10/31/19,5,19.304,14.15
11/1/19,11,22.606,12.5
11/2/19,14,0,3.6
11/3/19,12,0,3.3
11/4/19,26,0,5.6
11/5/19,12,0,7.8
11/6/19,15,2.54,6.65
11/7/19,2,0.762,8.85
11/8/19,5,11.176,2.5
11/9/19,9,0,1.65
11/10/19,22,0,6.95
11/11/19,16,0,14.15
11/12/19,2,4.318,9.45
11/13/19,6,2.54,-4.15
11/14/19,11,0,-4.45
11/15/19,13,0,0.85
11/16/19,4,0,2.2
11/17/19,2,0,3.3
11/18/19,15,0,6.35
11/19/19,15,0,6.9
11/20/19,14,0,5.8
11/21/19,19,0,7.75
11/22/19,7,0.508,12.5
11/23/19,9,4.318,6.65
11/24/19,13,18.542,4.75
11/25/19,11,0,1.95
11/26/19,15,0,6.15
11/27/19,18,1.524,9.2
11/28/19,3,0.762,7.2
11/29/19,3,0,3.05
11/30/19,7,0,1.95
12/1/19,4,3.048,4.45
12/2/19,5,6.35,5.55
12/3/19,7,2.286,2.5
12/4/19,11,1.016,1.95
12/5/19,8,1.524,2.25
12/6/19,10,0,1.4
12/7/19,9,0,3.05
12/8/19,11,0,4.2
12/9/19,9,1.524,3.9
12/10/19,10,23.114,10
12/11/19,8,2.54,3.6
12/12/19,6,0,-2.25
12/13/19,6,0,-0.55
12/14/19,6,4.318,3.85
12/15/19,11,12.446,5.85
12/16/19,5,0.508,1.95
12/17/19,4,11.684,0.8
12/18/19,9,2.54,-0.85
12/19/19,10,0.254,-7.5
12/20/19,24,0,-6.1
12/21/19,23,0,-3.35
12/22/19,23,0,2.2
12/23/19,27,,
12/24/19,26,0,-0.25
12/25/19,31,0,-0.55
12/26/19,38,0,0.55
12/27/19,16,0,9.2
12/28/19,15,1.27,7.75
12/29/19,17,0.254,7.5
12/30/19,5,11.43,8.9
12/31/19,9,0.254,8.85
1/1/20,8,29.972,3.05
1/2/20,14,0.254,1.95
1/3/20,8,9.906,5.8
1/4/20,4,16.51,7.8
1/5/20,5,1.27,3.35
1/6/20,9,0,2.8
1/7/20,10,0,2.2
1/8/20,6,0,1.35
1/9/20,4,0,-1.95
1/10/20,10,0,1.65
1/11/20,3,16.256,11.1
1/12/20,6,5.08,14.15
1/13/20,10,0,5
1/14/20,15,0,3.05
1/15/20,13,0,2.5
1/16/20,5,0,4.15
1/17/20,3,0,3.05
1/18/20,5,28.448,-1.4
1/19/20,8,16.764,2.2
1/20/20,5,0,-2.2
1/21/20,8,0,-6.65
1/22/20,28,0,-8.65
1/23/20,23,0,-6.15
1/24/20,6,0,-1.4
1/25/20,8,23.368,5.85
1/26/20,12,2.54,4.15
1/27/20,8,0.508,0.85
1/28/20,4,0.508,1.4
1/29/20,3,0.762,-0.55
1/30/20,8,0,-0.55
1/31/20,9,0,-0.8
2/1/20,12,0.254,1.65
2/2/20,8,4.572,0.85
2/3/20,11,1.27,4.7
2/4/20,14,2.032,9.7
2/5/20,3,6.858,6.65
2/6/20,6,9.906,1.95
2/7/20,4,38.1,2.5
2/8/20,10,2.794,-1.1
2/9/20,7,0,-0.55
2/10/20,9,5.588,2.5
2/11/20,6,5.842,5.85
2/12/20,5,0.762,1.65
2/13/20,5,20.32,0.25
2/14/20,4,1.016,-2.5
2/15/20,6,0,-7.5
2/16/20,12,0,-3.6
2/17/20,28,0,0
2/18/20,10,0,3.9
2/19/20,4,3.302,5
2/20/20,5,0,-0.3
2/21/20,8,0,-5.25
2/22/20,11,0,-3.6
2/23/20,14,0,2.5
2/24/20,13,0,5.3
2/25/20,8,0,8.35
2/26/20,8,3.81,8.9
2/27/20,6,17.526,4.7
2/28/20,7,0.254,-3.6
2/29/20,6,0,-3.05
3/1/20,8,0,-1.65
3/2/20,15,0,2.5
3/3/20,7,3.048,11.4
3/4/20,11,10.922,8.6
3/5/20,13,0,6.7
3/6/20,15,0,5.6
3/7/20,5,0,4.45
3/8/20,8,0,1.95
3/9/20,14,0,6.95
3/10/20,10,3.048,12.2
3/11/20,8,0.254,7.8
3/12/20,21,0,5.55
3/13/20,6,3.048,13.9
3/14/20,5,0,9.75
3/15/20,8,6.35,5
3/16/20,7,0,5.3
3/17/20,7,1.778,6.7
3/18/20,6,0.762,4.45
3/19/20,9,17.018,8.35
3/20/20,9,18.542,15.85
3/21/20,5,18.034,10.55
3/22/20,4,0,0
3/23/20,4,0.762,5.55
3/24/20,7,9.398,6.95
3/25/20,6,1.778,6.95
3/26/20,15,3.81,7.75
3/27/20,8,4.826,11.95
3/28/20,12,9.144,13.35
3/29/20,10,19.05,16.7
3/30/20,7,0,18.1
3/31/20,3,0,9.7
4/1/20,4,1.524,8.05
4/2/20,5,1.778,8.05
4/3/20,7,0,8.05
4/4/20,13,0,8.05
4/5/20,21,0,8.9
4/6/20,6,0,11.1
4/7/20,13,0,10
4/8/20,6,13.208,12.5
4/9/20,6,6.096,16.4
4/10/20,4,5.334,6.65
4/11/20,8,0,3.6
4/12/20,15,0,6.65
4/13/20,5,5.08,11.1
4/14/20,6,0,10.8
4/15/20,8,0,2.75
4/16/20,6,10.668,2.2
4/17/20,9,0,4.15
4/18/20,7,17.272,5.55
4/19/20,9,0,6.4
4/20/20,6,0,8.3
4/21/20,7,0,11.7
4/22/20,5,1.524,5.85
4/23/20,7,0,5.25
4/24/20,6,3.81,8.65
4/25/20,8,0,12.25
4/26/20,2,1.524,13.6
4/27/20,7,30.734,8.35
4/28/20,9,0.254,4.4
4/29/20,7,0,13.85
4/30/20,4,15.748,18.1
5/1/20,4,0,10.8
5/2/20,10,0,8.6
5/3/20,14,0,12.25
5/4/20,3,0,18.6
5/5/20,3,0,7.25
5/6/20,6,4.572,6.95
5/7/20,10,2.286,3.35
5/8/20,5,0,8.9
5/9/20,5,7.112,5.3
5/10/20,9,0,3.35
5/11/20,5,1.778,10.85
5/12/20,5,0,6.65
5/13/20,9,0,8.3
5/14/20,19,0,10.55
5/15/20,12,0,12.25
5/16/20,5,2.794,20
5/17/20,6,0,20
5/18/20,5,0,21.4
5/19/20,4,1.016,21.15
5/20/20,4,0,18.1
5/21/20,7,0,16.1
5/22/20,5,3.302,17.75
5/23/20,15,4.064,19.15
5/24/20,16,0,20
5/25/20,8,0,22.2
5/26/20,10,0,24.45
5/27/20,4,0,24.75
5/28/20,8,0.762,25
5/29/20,7,8.382,23.05
5/30/20,5,12.7,19.45
5/31/20,7,0,15.3
6/1/20,8,0,12.25
6/2/20,14,0,14.45
6/3/20,16,0,20.3
6/4/20,10,0,26.1
6/5/20,11,7.62,24.2
6/6/20,9,0,22.8
6/7/20,5,0,22.75
6/8/20,9,0,16.4
6/9/20,24,0,23.35
6/10/20,10,,
6/11/20,9,12.446,25.8
6/12/20,8,0,20.85
6/13/20,4,0,20.25
6/14/20,5,0,18.6
6/15/20,7,2.54,18.6
6/16/20,9,0,20.55
6/17/20,6,0,20.55
6/18/20,4,0,22.5
6/19/20,7,0,21.4
6/20/20,24,0.254,22.75
6/21/20,14,0,23.9
6/22/20,15,0,23.6
6/23/20,7,1.778,23.6
6/24/20,8,11.938,21.4
6/25/20,10,0,20.6
6/26/20,10,0,20.6
6/27/20,13,0,21.4
6/28/20,12,6.096,22.2
6/29/20,19,2.54,23.35
6/30/20,13,,
7/1/20,6,0,25
7/2/20,14,0,23.35
7/3/20,16,0,25.3
7/4/20,24,0,26.95
7/5/20,28,0,28.35
7/6/20,17,0,28.6
7/7/20,17,0,28.35
7/8/20,9,3.81,26.35
7/9/20,14,0,28.05
7/10/20,8,0,29.45
7/11/20,9,,
7/12/20,10,0,23.6
7/13/20,6,2.54,23.6
7/14/20,9,0,21.7
7/15/20,12,0,22.8
7/16/20,15,0,16.95
7/17/20,10,0,27.5
7/18/20,13,0,25
7/19/20,17,0,25.85
7/20/20,9,0,28.6
7/21/20,12,0,28.05
7/22/20,9,0,26.4
7/23/20,10,8.382,26.65
7/24/20,7,7.366,25.8
7/25/20,15,0,24.7
7/26/20,15,0,24.7
7/27/20,13,0,26.35
7/28/20,9,0,26.7
7/29/20,11,0,23.65
7/30/20,15,0,24.45
7/31/20,10,1.016,23.9
8/1/20,8,0,26.1
8/2/20,8,39.878,25.8
8/3/20,8,0,25
8/4/20,8,0,25
8/5/20,10,3.81,20.85
8/6/20,8,,
8/7/20,12,0,22.25
8/8/20,11,0,25.3
8/9/20,22,0,23.9
8/10/20,16,0,23.9
8/11/20,16,0,27.25
8/12/20,13,3.048,27.5
8/13/20,7,0,28.05
8/14/20,6,0,27.5
8/15/20,8,0,26.1
8/16/20,7,0,20.55
8/17/20,7,0,22.2
8/18/20,8,0,23.05
8/19/20,4,0,23.3
8/20/20,11,0,20.8
8/21/20,21,0,21.35
8/22/20,13,0,24.15
8/23/20,11,19.05,26.1
8/24/20,12,15.24,23.85
8/25/20,15,0,25.3
8/26/20,12,,
8/27/20,15,0,27.5
8/28/20,7,19.05,26.65
8/29/20,7,33.02,21.4
8/30/20,9,0,23.85
8/31/20,5,0,20.25
9/1/20,5,0,21.1
9/2/20,9,9.652,25
9/3/20,9,8.89,23.3
9/4/20,6,0.254,23.05
9/5/20,11,,
9/6/20,10,,
9/7/20,9,,
9/8/20,13,0,22.5
9/9/20,10,0,24.15
9/10/20,11,0,25
9/11/20,8,0,24.45
9/12/20,5,0,20.55
9/13/20,7,0,21.65
9/14/20,4,,
9/15/20,4,0,16.1
9/16/20,22,0,17.8
9/17/20,18,0,18.05
9/18/20,7,0,18.6
9/19/20,5,0,13.9
9/20/20,6,0,12.8
9/21/20,9,0,11.95
9/22/20,14,0,12.5
9/23/20,12,0,13.35
9/24/20,12,0,15.55
9/25/20,18,0,19.2
9/26/20,13,0,22.22
9/27/20,7,0,21.39
9/28/20,9,0,19.72
9/29/20,4,4.572,20.28
9/30/20,9,6.858,14.72
10/1/20,7,0,14.17
10/2/20,7,0.762,13.06
10/3/20,8,0,10.83
10/4/20,10,0,11.67
10/5/20,7,9.652,14.17
10/6/20,16,0,10.28
10/7/20,14,0,12.78
10/8/20,8,0,16.94
10/9/20,11,0,10.28
10/10/20,15,0,15.28
10/11/20,8,0,18.89
10/12/20,1,0.508,17.78
10/13/20,4,0,17.5
10/14/20,7,0,15
10/15/20,8,0,16.39
10/16/20,8,11.684,15
10/17/20,13,0,9.72
10/18/20,10,0,10
10/19/20,10,0,9.72
10/20/20,17,11.43,13.06
10/21/20,16,0,15.56
10/22/20,28,0,14.44
10/23/20,14,0,20
10/24/20,3,3.048,19.72
10/25/20,2,0.254,9.44
10/26/20,6,2.54,8.61
10/27/20,4,0,10.56
10/28/20,5,2.54,11.11
10/29/20,2,6.604,10.56
10/30/20,3,22.352,8.89
10/31/20,10,2.54,4.72
11/1/20,6,0,7.5
11/2/20,6,0.05,6.11
11/3/20,12,0,2.78
11/4/20,13,0,8.06
11/5/20,14,0,11.11
11/6/20,18,0,11.11
11/7/20,32,0,13.06
11/8/20,42,0,14.44
11/9/20,33,0,12.78
11/10/20,9,0,17.5
11/11/20,4,6.35,17.5
11/12/20,7,12.7,12.78
11/13/20,16,0,5
11/14/20,10,0,4.72
11/15/20,7,0,5.83
11/16/20,8,4.826,10
11/17/20,5,0,6.94
11/18/20,5,0.508,5.28
11/19/20,7,0,2.5
11/20/20,14,0,8.06
11/21/20,13,0,13.61
11/22/20,8,1.778,8.61
11/23/20,6,9.398,7.5
11/24/20,8,0,2.5
11/25/20,11,0,3.33
11/26/20,11,8.128,9.17
11/27/20,7,0.254,11.39
11/28/20,10,0,9.17
11/29/20,17,0,3.33
11/30/20,7,3.302,7.5
12/1/20,11,10.414,4.44
12/2/20,9,79.248,0
12/3/20,7,0,-0.28
12/4/20,8,0,1.67
12/5/20,5,0.254,2.22
12/6/20,2,0,0.83
12/7/20,3,0,-1.67
12/8/20,6,0,-0.83
12/9/20,15,0,0.56
12/10/20,17,0,2.78
12/11/20,29,0,4.44
12/12/20,25,0,8.61
12/13/20,8,1.524,10.28
12/14/20,4,1.778,8.06
12/15/20,3,0,0
12/16/20,3,0,-0.28
12/17/20,11,,
12/18/20,9,1.778,0.28
12/19/20,7,0,-0.83
12/20/20,7,,
12/21/20,10,0.762,2.5
12/22/20,10,2.54,3.33
12/23/20,6,0,1.94
12/24/20,3,1.27,7.5
12/25/20,13,121.92,1.39
12/26/20,10,27.178,-7.78
12/27/20,9,0,-7.22
12/28/20,10,0.508,-0.28
12/29/20,3,0,3.61
12/30/20,7,0,-1.11
12/31/20,6,5.842,5.83